,SPX Index,LUATTRUU Index,BCOMGC Index,BCOMCO Index,FNER Index,BGCI Index
11/03/2020,2741.38,2538.1,187.5308,175.7957,687.93,346.73
12/03/2020,2480.64,2531.45,181.5837,167.5886,619.8,257.88
13/03/2020,2711.02,2512.58,173.1838,168.0456,674.03,241.61
16/03/2020,2386.13,2554.81,169.662,151.5473,552.55,217.82
17/03/2020,2529.19,2511.84,174.164,145.9259,587.96,233.11
18/03/2020,2398.1,2465.95,168.7502,129.3819,531.48,231.4
19/03/2020,2409.39,2491.25,168.944,145.3775,533.02,266.69
20/03/2020,2304.92,2519.92,169.605,139.9847,509.73,256.83
23/03/2020,2237.4,2554.85,179.2472,142.6354,483.48,264.25
24/03/2020,2447.33,2549.87,189.5733,145.9716,527.13,278.82
25/03/2020,2475.56,2544.26,186.2681,148.8051,554.11,271.41
26/03/2020,2630.07,2551.96,189.2314,143.001,593.34,274.68
27/03/2020,2541.47,2562.64,188.5247,141.2643,593.43,280.48
30/03/2020,2626.65,2571.72,187.2824,136.1,604.77,271.39
31/03/2020,2584.59,2564.12,181.9712,135.5516,590.87,274.86
01/04/2020,2470.5,2574.14,181.3786,128.1479,551.27,265.12
02/04/2020,2526.9,2576.4,186.6556,146.7029,554.06,283.87
03/04/2020,2488.65,2582.96,187.5674,162.1501,546.02,287.36
06/04/2020,2663.68,2570.62,193.0609,159.4537,586.86,317.25
07/04/2020,2659.41,2563.5,191.8984,157.6256,590.88,317.16
08/04/2020,2749.98,2561.07,191.9668,160.5048,631.47,326.04
09/04/2020,2789.82,2566.62,199.774,156.2088,667.55,321.22
10/04/2020,2789.82,2566.62,199.774,156.2088,667.55,321.22
13/04/2020,2761.63,2561.9,200.7542,159.5451,637.82,296.88
14/04/2020,2846.06,2561.18,201.609,153.421,657.14,301.4
15/04/2020,2783.36,2580.72,198.3379,143.6865,630.14,295.92
16/04/2020,2799.55,2587.5,197.3691,144.1893,622.83,312.11
17/04/2020,2874.56,2576.64,193.6194,144.3264,642.83,313.71
20/04/2020,2823.16,2582.92,195.0327,133.495,618.3,301.74
21/04/2020,2736.56,2592.24,192.3657,105.6626,607.53,306.62
22/04/2020,2799.31,2584.16,198.1214,109.9586,617.85,319.5
23/04/2020,2797.8,2585.36,198.9306,113.2948,611.58,334.19
24/04/2020,2836.74,2588.02,197.8136,113.3862,613.89,333.72
27/04/2020,2878.48,2577.59,196.4688,105.4341,634.91,338.82
28/04/2020,2863.39,2584.76,196.2864,103.9259,640.42,345.54
29/04/2020,2939.51,2581.74,195.2834,110.7355,649.16,381.34
30/04/2020,2912.43,2580.43,193.0951,121.0184,641.84,373.41
01/05/2020,2830.71,2578.48,193.8587,120.8356,619.63,370.53
04/05/2020,2842.74,2578.16,195.272,124.309,617.51,369.17
05/05/2020,2868.44,2574.09,194.9643,141.5386,620.43,369.33
06/05/2020,2848.42,2564.38,192.4455,135.8258,609.38,373.29
07/05/2020,2881.19,2579.67,196.6967,134.6376,617.59,389.86
08/05/2020,2929.8,2570.83,195.4057,141.7456,632.37,390.75
11/05/2020,2930.32,2562.74,193.6256,135.5064,623.24,343.05
12/05/2020,2870.12,2571.19,194.4337,136.2017,594.58,348
13/05/2020,2820,2577.37,195.5219,132.4827,581.12,360.56
14/05/2020,2852.5,2584.48,198.3751,138.9063,582.79,371.56
15/05/2020,2863.7,2581.35,200.1753,143.4762,580.21,359.29
18/05/2020,2953.91,2563.24,197.7637,153.0039,614.29,378.01
19/05/2020,2922.94,2567.32,199.0318,152.7021,605.7,376.18
20/05/2020,2971.61,2572.69,199.9036,157.2289,610.93,371.46
21/05/2020,2948.51,2572.77,196.6541,158.7809,610.25,353.52
22/05/2020,2955.45,2575.8,198.5336,155.8062,619.68,364.18
25/05/2020,2955.45,2575.8,198.5336,155.8062,619.68,364.18
26/05/2020,2991.77,2567.94,195.6691,160.3329,642.43,351.71
27/05/2020,3036.13,2569.45,195.5106,154.9439,655.04,362.78
28/05/2020,3029.73,2564.21,195.6804,157.3582,658.49,372.39
29/05/2020,3044.31,2573.89,198.3298,164.5579,651.58,374.02
01/06/2020,3055.73,2568.98,198.1713,165.6788,666.87,391.35
02/06/2020,3080.82,2565.78,196.3258,170.9815,671.39,387.49
03/06/2020,3122.87,2554.3,193.0197,172.318,692.39,392.48
04/06/2020,3112.35,2545,195.5785,173.1802,684.84,396.21
05/06/2020,3193.93,2534.76,190.5515,182.8804,709.94,397.92
08/06/2020,3232.39,2538.46,193.0537,176.7585,727.52,395.33
09/06/2020,3207.18,2548.58,194.9558,178.9572,716.34,395.17
10/06/2020,3190.14,2559.78,194.8199,180.811,697.96,401.51
11/06/2020,3002.1,2574.83,196.9825,167.6188,653.6,372.88
12/06/2020,3041.31,2567.71,196.6994,168.0499,676.79,381.97
15/06/2020,3066.59,2567.91,195.5559,172.1456,685.44,377.68
16/06/2020,3124.74,2557.72,196.6088,177.319,699.42,379.34
17/06/2020,3113.49,2560.35,196.5069,175.767,689.09,373.91
18/06/2020,3115.34,2567.62,195.9974,178.7848,680.8,375.8
19/06/2020,3097.74,2566.67,198.477,181.6733,671.45,371.48
22/06/2020,3117.86,2567.02,199.9942,185.6827,670.27,385.68
23/06/2020,3131.29,2564.96,201.7604,184.2169,667.29,387.2
24/06/2020,3050.33,2570.29,200.9792,174.7323,649.31,372.37
25/06/2020,3083.76,2573.24,200.4697,177.2759,657.16,372.07
26/06/2020,3009.05,2579.69,201.5679,176.4567,644.26,369.44
29/06/2020,3053.24,2579.1,201.6698,180.423,655.15,362.38
30/06/2020,3100.29,2576.3,203.855,177.9225,663.15,360.26
01/07/2020,3115.86,2572.51,201.5226,181.199,679.13,365.64
02/07/2020,3130.01,2573.5,202.6662,185.9845,676.11,357.44
03/07/2020,3130.01,2573.5,202.6662,185.9845,676.11,357.44
06/07/2020,3179.72,2572.13,203.0625,185.812,675.83,378.07
07/07/2020,3145.32,2578.81,204.9193,185.7258,662.6,374.52
08/07/2020,3169.94,2578.88,206.1308,186.6311,661.61,393.4
09/07/2020,3152.05,2588.8,204.2281,182.6284,657.52,382.93
10/07/2020,3185.04,2584.9,204.0009,186.5031,660.07,383.44
13/07/2020,3155.22,2584.21,205.3822,184.3768,651.73,379.26
14/07/2020,3197.52,2589.15,205.1698,185.1125,657.31,383.36
15/07/2020,3226.56,2585.68,205.181,188.1429,663.28,378.43
16/07/2020,3215.57,2589.68,203.4986,186.4356,654.77,371.37
17/07/2020,3224.73,2586.18,204.3008,185.7954,663.99,373.64
20/07/2020,3251.84,2587.71,205.0139,186.521,655.75,375.1
21/07/2020,3257.3,2589.26,208.3006,191.1307,657.43,386.22
22/07/2020,3276.02,2591.78,210.8631,191.2587,668.13,387.59
23/07/2020,3235.66,2596.2,213.6262,187.5881,664.5,408.58
24/07/2020,3215.63,2596.69,214.4952,188.4844,659.82,411.23
27/07/2020,3239.41,2594.49,217.86,189.2527,667.1,462.37
28/07/2020,3218.44,2599.49,218.807,187.9295,680.68,473.56
29/07/2020,3258.44,2598.21,220.2331,189.7649,693.77,482.2
30/07/2020,3246.22,2605.11,219.1301,186.0515,689.01,491.15
31/07/2020,3271.12,2605.74,221.2581,187.1612,687.53,502.5
03/08/2020,3294.61,2600.39,221.3027,190.0636,678.77,551.07
04/08/2020,3306.51,2608.62,225.1687,191.3868,688.86,535.68
05/08/2020,3327.77,2604.23,228.3218,194.5026,685.3,550.12
06/08/2020,3349.16,2606.4,230.5612,194.0331,686.37,558.07
07/08/2020,3351.28,2601.81,225.9486,191.088,695.81,531.25
10/08/2020,3360.47,2599.57,227.2522,193.7343,695.89,549.37
11/08/2020,3333.69,2584.64,216.8461,192.027,684.8,524.14
12/08/2020,3380.35,2582.43,217.1469,195.9538,692.37,530.64
13/08/2020,3373.43,2574.91,219.5312,193.905,682.95,531.59
14/08/2020,3372.85,2575.13,217.236,193.4782,683,572.61
17/08/2020,3381.99,2578.15,222.6842,195.9964,689.42,597.06
18/08/2020,3389.78,2581.3,224.2886,196.3806,685.89,576.95
19/08/2020,3374.85,2579.55,219.52,195.8257,672.53,541.56
20/08/2020,3385.51,2584.78,216.8684,194.1184,679.91,558.61
21/08/2020,3397.16,2586.61,216.9241,191.7709,680.42,544.16
24/08/2020,3431.28,2586.67,216.055,194.8013,684.63,548.88
25/08/2020,3443.62,2581.33,214.2613,197.5757,685.96,520.37
26/08/2020,3478.73,2579.18,217.5369,197.0208,679.65,528.63
27/08/2020,3484.55,2568.06,215.3197,194.6306,690.01,510.73
28/08/2020,3508.01,2569.83,220.0325,195.5269,693.98,528.59
31/08/2020,3500.31,2577.2,220.4448,193.2648,687.32,558.82
01/09/2020,3526.65,2581.16,220.4782,194.5453,686.9,587.66
02/09/2020,3580.84,2586.42,216.6678,189.6368,700.78,545.71
03/09/2020,3455.06,2591.55,215.8991,188.1002,691.61,511.73
04/09/2020,3426.96,2572.81,215.5091,182.0821,688.89,500.21
07/09/2020,3426.96,2572.81,215.5091,182.0821,688.89,500.21
08/09/2020,3331.84,2580.55,216.5007,169.7896,679.27,453.12
09/09/2020,3398.96,2576.38,217.8042,174.0341,686.62,471.52
10/09/2020,3339.19,2580.31,218.8515,171.0022,677.09,475.58
11/09/2020,3340.97,2583.07,217.0243,170.137,673.71,479.3
14/09/2020,3383.54,2583.81,218.7847,169.6191,689.79,489.05
15/09/2020,3401.2,2581.65,219.0632,173.0646,697.91,485.8
16/09/2020,3385.49,2579.59,219.5423,179.6236,700.85,489.09
17/09/2020,3357.01,2581.85,217.2472,183.6087,686.95,505.09
18/09/2020,3319.47,2578.68,218.6064,183.0691,671.89,495.1
21/09/2020,3281.06,2582.37,212.8686,176.0535,651.71,463.6
22/09/2020,3315.57,2584,212.5343,176.7592,659.69,463.08
23/09/2020,3236.92,2582.39,208.1669,177.0913,640.14,449.58
24/09/2020,3246.59,2585.19,209.1139,178.1291,642.99,467.61
25/09/2020,3298.46,2585.3,207.9329,177.8385,655.8,477.3
28/09/2020,3351.6,2583.82,209.7156,179.582,669.61,484.91
29/09/2020,3335.47,2586.76,212.0441,174.2685,663.07,478.52
30/09/2020,3363,2580.77,211.1862,177.4649,665.51,476.66
01/10/2020,3380.8,2580.54,213.5036,172.0268,678.78,471.38
02/10/2020,3348.44,2577.03,212.5343,165.2603,690.03,463.65
05/10/2020,3408.63,2565.43,213.927,173.6043,693.61,476.51
06/10/2020,3360.95,2569.11,212.668,179.0424,689.08,467.39
07/10/2020,3419.45,2562,210.6626,176.2611,689.67,470
08/10/2020,3446.83,2565.7,211.1417,181.6992,700.86,481.58
09/10/2020,3477.13,2564.14,214.6067,179.8311,697.79,491.49
12/10/2020,3534.22,2564.14,214.9075,175.1817,701.31,515.58
13/10/2020,3511.93,2573.1,211.086,178.0876,688.95,507.81
14/10/2020,3488.67,2574.5,212.5009,181.4086,680.18,503.87
15/10/2020,3483.34,2573.11,212.6792,180.6614,683.87,510.46
16/10/2020,3483.81,2570.56,212.4006,179.6236,678.85,494.33
19/10/2020,3426.92,2568.16,212.9911,178.4197,668.23,510.5
20/10/2020,3443.12,2561.53,213.4034,180.7029,673.69,506.23
21/10/2020,3435.56,2558.66,214.9743,174.6421,671.95,538.94
22/10/2020,3453.49,2554.05,212.2001,177.5895,671.59,563.97
23/10/2020,3465.39,2555.36,212.2669,174.6421,676.05,554.2
26/10/2020,3400.97,2562.43,212.3227,169.4115,666.6,545.11
27/10/2020,3390.68,2566.13,213.0134,172.7325,655.72,565.43
28/10/2020,3271.03,2566.06,209.3702,164.5546,639.46,544.52
29/10/2020,3310.11,2558.57,208.1223,158.8259,647.01,551.49
30/10/2020,3269.96,2556.44,209.4482,157.4975,642.32,546.34
02/11/2020,3310.24,2558.43,210.852,161.7733,658.02,548.9
03/11/2020,3369.16,2553.69,212.8463,164.8452,671.54,547.19
04/11/2020,3443.44,2570.36,211.2642,171.1551,672.07,562.29
05/11/2020,3510.45,2569.85,216.9018,169.9097,674.34,591
06/11/2020,3509.44,2562.4,217.4477,163.7659,669.87,618.31
09/11/2020,3550.5,2541.03,206.5886,175.8899,692.14,617.48
10/11/2020,3545.53,2539.34,209.054,180.7126,702.98,618.38
11/11/2020,3572.66,2539.34,207.4019,181.395,706.46,633.79
12/11/2020,3537.01,2554.99,208.7373,180.2221,697.34,636.18
13/11/2020,3585.15,2554.59,210.1584,176.7036,715.43,650.1
16/11/2020,3626.91,2553.36,210.2805,180.7949,722.24,662.52
17/11/2020,3609.53,2558.14,209.9696,180.754,722.78,690.75
18/11/2020,3567.79,2557.47,208.6263,182.7178,709.17,681.55
19/11/2020,3581.87,2562.75,207.2608,182.145,711.57,695.41
20/11/2020,3557.54,2567.85,208.5153,184.6816,708.01,730.41
23/11/2020,3577.59,2563.95,204.7296,188.3229,708.37,841.62
24/11/2020,3635.41,2559.27,201.0437,195.4827,711.81,902.8
25/11/2020,3629.65,2558.52,201.077,198.5921,711.92,862.55
26/11/2020,3629.65,2558.52,201.077,198.5921,711.92,862.55
27/11/2020,3638.35,2564.45,198.5125,197.6511,708.56,760.96
30/11/2020,3621.63,2565.34,197.7132,196.1782,700.83,887.3
01/12/2020,3662.45,2550.25,201.9319,193.928,710.15,864.53
02/12/2020,3669.01,2547.17,203.1864,197.1601,703.8,866.46
03/12/2020,3666.72,2552.66,204.3965,198.8376,709.52,880.82
04/12/2020,3699.12,2544.76,204.2744,201.2514,719.8,845.97
07/12/2020,3691.96,2551.69,207.1609,199.6558,712.67,852.96
08/12/2020,3702.25,2554.9,208.1489,199.6967,709.79,826.93
09/12/2020,3672.82,2550.78,204.1079,199.5331,704.91,826.59
10/12/2020,3668.1,2557.8,203.9857,205.0564,701.41,820.58
11/12/2020,3663.46,2560.29,204.6741,204.1563,701.32,801.14
14/12/2020,3647.49,2560.56,203.3973,205.5882,696.54,829.68
15/12/2020,3694.62,2555.66,205.973,207.4702,711.08,837.32
16/12/2020,3701.17,2555.78,206.3948,208.9022,711.1,890.72
17/12/2020,3722.48,2554.17,209.8697,210.9478,718.38,954.11
18/12/2020,3709.41,2551.4,209.7032,213.8118,703.24,962.55
21/12/2020,3694.92,2553.24,209.026,208.5749,698.7,926.14
22/12/2020,3687.26,2557.71,207.6383,205.22,704.01,933.52
23/12/2020,3690.01,2551.84,208.5042,209.6386,698.41,875.01
24/12/2020,3703.06,2555.72,209.0704,210.0477,704.36,875.87
25/12/2020,3703.06,2555.72,209.0704,210.0477,704.36,875.87
28/12/2020,3735.36,2555.88,208.7595,208.2476,709.97,1022.95
29/12/2020,3727.04,2555.4,209.0371,209.5977,704.06,1008.64
30/12/2020,3732.04,2556.95,210.2028,211.2342,706.47,1047.46
31/12/2020,3756.07,2559.4,210.3915,211.9298,713.86,1051.1
01/01/2021,3756.07,2559.4,210.3915,211.9298,713.86,1051.1
04/01/2021,3700.65,2559.08,216.109,209.0249,689.87,1281.61
05/01/2021,3726.86,2552.32,216.9749,219.2941,690.55,1368.3
06/01/2021,3748.14,2536.68,211.8903,222.158,691.59,1472.13
07/01/2021,3803.79,2532.91,212.4454,222.4853,690.17,1560.18
08/01/2021,3824.68,2529.23,203.7637,229.0723,696.31,1484.25
11/01/2021,3799.61,2526.51,205.4681,227.8791,685.74,1294.72
12/01/2021,3801.19,2525.64,204.7316,231.5948,687.17,1354.97
13/01/2021,3809.84,2533.96,205.9112,229.932,696.87,1414.71
14/01/2021,3795.54,2527.98,205.5322,231.4112,701.09,1528.38
15/01/2021,3768.25,2531.73,203.1284,226.4377,709.66,1414.37
18/01/2021,3768.25,2531.73,203.1284,226.4377,709.66,1414.37
19/01/2021,3798.91,2534.33,204.2694,229.0273,706.55,1599.43
20/01/2021,3851.85,2534.87,207.1717,229.3561,720,1515.03
21/01/2021,3853.07,2531.2,207.072,229.315,716.13,1386.97
22/01/2021,3841.47,2533.26,206.0307,226.3555,717.98,1439.27
25/01/2021,3855.36,2541.46,205.931,228.123,722.92,1486.3
26/01/2021,3849.62,2540.66,205.4658,227.7942,729.35,1454.29
27/01/2021,3750.77,2542.74,204.8122,227.4653,716.92,1399.31
28/01/2021,3787.38,2538.29,203.9592,225.6568,720.61,1457.22
29/01/2021,3714.24,2534.92,204.9673,225.2869,712.67,1497.2
01/02/2021,3773.86,2536.34,206.4738,230.5892,728.56,1476.95
02/02/2021,3826.31,2531.47,203.0952,235.1105,731.62,1616.69
03/02/2021,3830.17,2525.55,203.2835,239.0975,729.66,1703.79
04/02/2021,3871.74,2524.24,198.4205,240.7417,733.49,1710.51
05/02/2021,3886.83,2518.95,200.8354,242.8379,736.35,1750.62
08/02/2021,3915.59,2520.9,203.1838,247.7292,739.29,1889.03
09/02/2021,3911.23,2521.58,203.5493,249.5378,742.25,1996.96
10/02/2021,3909.88,2526.54,204.1254,251.0175,746.81,1919.18
11/02/2021,3916.38,2523.55,202.3641,249.5378,747.15,2018.72
12/02/2021,3934.83,2515.17,201.9653,254.3468,747.03,2083.58
15/02/2021,3934.83,2515.17,201.9653,254.3468,747.03,2083.58
16/02/2021,3932.59,2503.25,199.2845,257.9639,740.7,2103.31
17/02/2021,3931.33,2506.54,196.3822,261.4166,739.93,2235.34
18/02/2021,3913.97,2505.19,196.6259,259.567,737.44,2279.46
19/02/2021,3906.71,2496.38,196.8918,255.4155,740.31,2371.62
22/02/2021,3876.5,2491.88,200.3258,264.5405,746.05,2195.99
23/02/2021,3881.37,2491.38,200.0489,265.0337,750.25,1894.93
24/02/2021,3925.43,2486.97,199.1626,272.0212,756.24,1949.57
25/02/2021,3829.34,2465.7,196.6702,271.7335,743.52,1962.92
26/02/2021,3811.15,2488.92,191.5081,264.7871,731.15,1825.2
01/03/2021,3901.82,2482.33,190.8656,261.7865,733.33,1898.61
02/03/2021,3870.29,2484.51,192.0398,257.7173,726.83,1864.33
03/03/2021,3819.72,2475.24,190.068,263.3485,722.83,1986.79
04/03/2021,3768.47,2468.8,188.3953,274.323,715.85,1907.63
05/03/2021,3841.94,2468.2,188.1516,285.0921,724.46,1934.89
08/03/2021,3821.35,2461.1,185.8749,280.6498,731.05,2103.19
09/03/2021,3875.44,2470,190.181,277.8978,735.79,2192.45
10/03/2021,3898.81,2472.85,190.7166,279.2786,743,2192.2
11/03/2021,3939.34,2470.33,190.7963,285.8661,750.6,2249.72
12/03/2021,3943.34,2455.58,190.4866,284.7342,763.23,2194.68
15/03/2021,3968.94,2459.04,191.5262,283.3088,773.81,2203.97
16/03/2021,3962.71,2457.88,191.681,281.632,770.98,2195.34
17/03/2021,3974.12,2455.26,191.2387,280.7935,771.28,2255.8
18/03/2021,3915.46,2446.54,191.8359,262.4736,764.39,2212.2
19/03/2021,3913.1,2448.3,192.8644,267.8815,753.23,2274.21
22/03/2021,3940.59,2455.23,192.4773,268.72,759.01,2160.85
23/03/2021,3910.52,2462.65,191.0507,253.8796,758.71,2117.05
24/03/2021,3889.14,2465.78,191.9354,267.5462,755.27,2066.88
25/03/2021,3909.52,2462.33,191.0285,257.401,761.86,2001.08
26/03/2021,3974.54,2458.03,191.8469,268.0911,778.23,2078.74
29/03/2021,3971.09,2452.46,189.624,269.8519,774.82,2225
30/03/2021,3958.55,2453.74,186.461,266.6658,773.12,2267.62
31/03/2021,3972.89,2450.55,189.7346,261.2159,767.73,2294.8
01/04/2021,4019.87,2458.93,191.1502,270.2292,782.2,2364.6
02/04/2021,4019.87,2451.97,191.1502,270.2292,782.2,2364.6
05/04/2021,4077.91,2455.05,191.1944,259.2037,784.95,2483.32
06/04/2021,4073.94,2462.27,192.7649,261.719,787.49,2504.24
07/04/2021,4079.95,2459.33,192.61,263.312,788.31,2364.49
08/04/2021,4097.17,2465.26,194.4459,262.8928,784.59,2444.7
09/04/2021,4128.8,2461.64,192.9639,262.1382,783.84,2470.97
12/04/2021,4127.99,2460.58,191.6257,263.5217,787.84,2563.06
13/04/2021,4141.59,2466.82,193.2736,265.2824,793.17,2747.48
14/04/2021,4124.66,2464.6,192.0239,277.314,787.38,2752.58
15/04/2021,4170.42,2475.87,195.397,278.5716,801.68,2903.2
16/04/2021,4185.47,2470.67,196.8789,277.9009,803.58,2934.01
19/04/2021,4163.26,2469.5,195.8172,278.6136,805.91,2621.96
20/04/2021,4134.94,2474.11,196.6799,276.3498,813.7,2723.35
21/04/2021,4173.42,2475.2,198.3056,271.1515,818.23,2749.78
22/04/2021,4134.98,2477.17,197.078,271.4449,814.4,2728.76
23/04/2021,4180.17,2474.93,196.6135,274.2537,818.46,2569.75
26/04/2021,4187.62,2473.71,196.8679,272.6187,820.93,2693.65
27/04/2021,4186.72,2467.26,196.7241,276.1402,820.84,2806.84
28/04/2021,4183.18,2469.2,196.1822,279.9551,819.13,2892.96
29/04/2021,4211.47,2466.94,195.5629,285.2792,825.21,2790.49
30/04/2021,4181.17,2468.93,195.4965,279.8712,828.79,2952.77
03/05/2021,4192.66,2470.58,198.1618,283.225,826.04,3220.26
04/05/2021,4164.66,2474.02,196.4145,288.7587,821.06,3219.96
05/05/2021,4167.59,2476.27,197.3324,289.0941,807.57,3431.91
06/05/2021,4201.62,2477.09,200.805,285.4469,812.59,3448.62
07/05/2021,4232.6,2476.3,202.5303,286.2434,822.58,3504.71
10/05/2021,4188.43,2470.89,203.2269,286.4786,822.76,3543.41
11/05/2021,4152.1,2467.2,203.0522,287.581,812.78,3765.28
12/05/2021,4063.04,2458.56,201.5823,290.8005,792.57,3710.65
13/05/2021,4112.5,2461.55,201.7238,281.3216,802.75,3266.33
14/05/2021,4173.85,2466.48,203.2593,287.2388,811.87,3539.7
17/05/2021,4163.29,2464.88,206.5291,290.3242,811.87,3006.45
18/05/2021,4127.83,2464.48,206.5843,287.8728,812.92,2997.86
19/05/2021,4115.68,2460.75,208.0535,279.5887,809.67,2422.41
20/05/2021,4159.12,2467.51,208.1088,273.756,818.9,2508.65
21/05/2021,4155.86,2468.51,207.5564,279.0392,817.97,2134.73
24/05/2021,4197.05,2471.29,208.4181,287.4501,827.26,2358.53
25/05/2021,4188.13,2478.54,209.9425,287.746,828.19,2252.52
26/05/2021,4195.99,2477.01,210.307,288.7604,831.49,2402.31
27/05/2021,4200.88,2474.02,209.7216,290.8314,828.95,2433.1
28/05/2021,4204.11,2477.44,210.4727,288.8449,834.58,2238.99
31/05/2021,4204.11,2477.44,210.4727,288.8449,834.58,2238.99
01/06/2021,4202.04,2473.14,210.4396,295.227,849.55,2242.99
02/06/2021,4208.12,2474.82,210.9809,299.8763,860.33,2377.83
03/06/2021,4192.85,2470.61,206.9378,299.6227,857.37,2417.29
04/06/2021,4229.89,2480.71,209.0035,302.1586,857.82,2311.24
07/06/2021,4226.52,2478.94,209.7547,300.5525,868.34,2269.93
08/06/2021,4227.26,2483.91,209.2687,303.5111,874.03,2084.03
09/06/2021,4219.55,2489.89,209.3902,303.2576,876.05,2212.5
10/06/2021,4239.18,2495.03,209.4896,304.2297,883.02,2156.11
11/06/2021,4247.44,2492.58,207.6337,304.7791,878.67,2160.74
14/06/2021,4255.15,2486.55,206.1203,305.5399,881.86,2297.57
15/06/2021,4246.59,2486.16,205.0709,309.8088,871.92,2285.6
16/06/2021,4223.7,2478.4,205.6232,311.0345,864.7,2205.31
17/06/2021,4221.86,2486.65,196.0568,305.5399,864.87,2143.41
18/06/2021,4166.45,2496.48,195.4161,307.3996,850.28,2012.82
21/06/2021,4224.79,2487.96,196.9516,312.9787,867.5,1812.7
22/06/2021,4246.44,2490.92,196.344,313.1055,862.85,1760.36
23/06/2021,4241.84,2487.77,197.0068,314.8807,860.76,1790.03
24/06/2021,4266.49,2488.25,196.2667,316.1909,858.05,1892.48
25/06/2021,4280.7,2482.22,196.3882,318.6001,864.67,1746
28/06/2021,4290.61,2489.22,196.7086,313.3591,861.46,1918.14
29/06/2021,4291.8,2490.43,194.8196,313.9508,858.88,2032.63
30/06/2021,4297.5,2493.36,195.7033,315.3879,853.69,2003.21
01/07/2021,4319.94,2492.5,196.2777,320.5443,856.6,1890.86
02/07/2021,4352.34,2497.55,196.9958,321.9391,860.7,1875.79
05/07/2021,4352.34,2497.55,196.9958,321.9391,860.7,1875.79
06/07/2021,4343.54,2508.31,198.1999,315.0075,867.57,1991.25
07/07/2021,4358.13,2514.41,199.0726,310.3582,870.06,2025.23
08/07/2021,4320.82,2519.19,198.8627,313.2746,867.95,1894.61
09/07/2021,4369.55,2508.59,200.011,319.3539,881.97,1904.76
12/07/2021,4384.63,2507.34,199.4923,317.8957,889.93,1834.84
13/07/2021,4369.21,2500.5,199.9402,323.4612,877.19,1782.58
14/07/2021,4374.3,2509.77,201.6053,316.0929,884.72,1817.2
15/07/2021,4360.03,2517.07,202.0461,311.1283,886.27,1752.7
16/07/2021,4327.16,2515.75,200.5031,312.2075,886.65,1755.67
19/07/2021,4258.49,2532.8,199.8527,291.3563,870.11,1669.84
20/07/2021,4323.06,2528.61,200.0732,294.4214,889.94,1628.94
21/07/2021,4358.69,2518.25,199.2135,306.4227,889.03,1738.69
22/07/2021,4367.48,2524.7,199.4119,312.5961,881.25,1797.45
23/07/2021,4411.79,2520.59,199.0481,313.6753,888.92,1792.93
26/07/2021,4422.3,2518.96,198.7726,314.6251,888.54,2087.45
27/07/2021,4401.46,2526.62,198.8387,313.8048,893.87,2036.2
28/07/2021,4400.64,2527.32,198.9048,315.618,889.73,2120.59
29/07/2021,4419.15,2522.42,202.3437,321.0143,888.6,2122.07
30/07/2021,4395.26,2527.29,200.2936,322.0072,889.99,2156.36
02/08/2021,4387.16,2535.09,200.8447,311.6895,887.74,2218.49
03/08/2021,4423.15,2535.74,199.9519,309.8332,889.62,2141.68
04/08/2021,4402.66,2535.79,199.996,301.6308,884.69,2279.15
05/08/2021,4429.1,2529.62,199.3788,305.6456,894.86,2342.14
06/08/2021,4436.52,2517.2,194.3307,303.5735,893.4,2441.94
09/08/2021,4432.35,2513.89,190.2966,296.1914,888.43,2639.37
10/08/2021,4436.75,2509.85,190.8697,303.1418,878.82,2612.7
11/08/2021,4447.7,2510.81,193.2505,306.7681,884.6,2707.5
12/08/2021,4460.83,2509.11,193.0852,306.1205,886.38,2568.84
13/08/2021,4468,2519.82,195.995,303.0554,891.81,2729.75
16/08/2021,4479.71,2523.41,197.2736,298.4794,891.36,2688.03
17/08/2021,4448.08,2522.66,197.0531,296.1914,891.1,2636.01
18/08/2021,4400.27,2523.5,196.6784,292.565,882.88,2582.71
19/08/2021,4405.8,2528.19,196.5351,285.0102,887.74,2683.1
20/08/2021,4441.67,2527.34,196.6343,279.5276,892.17,2783.63
23/08/2021,4479.53,2527.86,199.0922,295.1553,889.23,2811.25
24/08/2021,4486.23,2522.36,199.3347,303.962,884.99,2730.29
25/08/2021,4496.19,2515.72,197.4058,307.7178,884.36,2757.72
26/08/2021,4470,2517.19,197.8688,302.9691,884.74,2650.73
27/08/2021,4509.37,2522.88,200.5471,309.531,893.82,2739.41
30/08/2021,4528.79,2526.54,199.7425,311.819,902.79,2793.52
31/08/2021,4522.68,2522.86,200.3928,309.2288,907.48,2778.35
01/09/2021,4524.09,2523.24,200.1614,309.0561,921.42,2923.92
02/09/2021,4536.95,2525.88,199.6654,315.2726,926.49,2989.81
03/09/2021,4535.43,2520.18,202.1123,313.4595,926.45,3127.63
06/09/2021,4535.43,2520.18,202.1123,313.4595,926.45,3127.63
07/09/2021,4520.03,2513.84,198.2325,309.4878,915.85,2783.62
08/09/2021,4514.07,2518.32,197.6814,313.4163,920.99,2794.03
09/09/2021,4493.28,2525.99,198.3978,308.5877,900.94,2803.67
10/09/2021,4458.58,2519.63,197.5271,314.965,888.35,2715.81
13/09/2021,4468.73,2523.75,197.7806,317.6979,894.38,2676.44
14/09/2021,4443.05,2531.45,199.1804,317.9519,891.33,2753.17
15/09/2021,4480.7,2528.52,197.8247,325.6007,893.95,2873.94
16/09/2021,4473.75,2523.64,193.6253,326.304,895.05,2857.08
17/09/2021,4432.99,2518.69,193.0411,324.238,886.23,2797.39
20/09/2021,4357.73,2528.59,194.4078,317.6442,882.13,2524.59
21/09/2021,4354.19,2527.76,195.995,319.8421,882.24,2401.34
22/09/2021,4395.64,2529.6,196.0611,327.5788,890.34,2489.09
23/09/2021,4448.98,2512.3,192.8647,332.3264,887.28,2577.02
24/09/2021,4455.48,2505.41,193.0742,335.6672,876.58,2407.2
27/09/2021,4443.11,2501.53,193.1072,342.3489,863.65,2424.66
28/09/2021,4352.63,2492.08,191.509,340.8543,859.03,2349.89
29/09/2021,4359.46,2494.52,189.8998,339.9751,864.2,2316.18
30/09/2021,4307.54,2495.52,193.6583,340.8104,849.61,2464.25
01/10/2021,4357.04,2502.64,193.8126,345.2062,860.54,2703.17
04/10/2021,4300.46,2500.68,194.8267,353.7781,861.73,2780.73
05/10/2021,4345.72,2493.8,194.0882,359.7125,854.5,2879.63
06/10/2021,4363.55,2496.03,194.1874,353.3825,864.12,3019.41
07/10/2021,4399.76,2488.02,193.9008,357.2508,865.7,2995.52
08/10/2021,4391.34,2482.73,193.7024,359.0971,857.66,3006.81
11/10/2021,4361.19,2482.73,193.515,364.504,859.76,3014.27
12/10/2021,4350.65,2489.57,193.9118,363.6688,871.09,2935.37
13/10/2021,4363.8,2494.16,197.8137,362.9215,876.77,3026.4
14/10/2021,4438.26,2497.6,198.1664,366.3503,887.02,3128.39
15/10/2021,4471.37,2489.93,194.9038,369.9109,887.02,3261.51
18/10/2021,4486.46,2489.7,194.6173,367.7569,889.11,3206.62
19/10/2021,4519.63,2482.25,195.1463,370.834,889.64,3293.5
20/10/2021,4536.19,2479.29,196.7335,374.3067,903.5,3487.64
21/10/2021,4549.78,2474.59,196.4028,368.9438,904.7,3374.55
22/10/2021,4544.9,2480.65,197.99,372.0649,908.55,3298.39
25/10/2021,4566.48,2482.03,199.1473,374.3947,910.78,3409.62
26/10/2021,4574.79,2485.92,197.6704,376.5047,913.87,3399.9
27/10/2021,4551.68,2497.23,198.2656,368.6801,906.76,3221.82
28/10/2021,4596.42,2492.65,198.6844,367.7569,919.4,3396.3
29/10/2021,4605.38,2493.76,196.6233,368.0207,908.88,3453.55
01/11/2021,4613.67,2491.1,197.9349,372.3726,914.76,3412.33
02/11/2021,4630.65,2496.45,197.2295,372.4165,921.04,3534.84
03/11/2021,4660.57,2489.74,194.4189,360.4159,927.53,3572.95
04/11/2021,4680.06,2499.61,197.6814,354.0419,916.5,3464.59
05/11/2021,4697.53,2510.41,200.2495,363.7127,922.01,3457.85
08/11/2021,4701.7,2504.83,201.4837,366.7165,920.07,3727.58
09/11/2021,4685.25,2514.72,201.7878,372.2479,922.2,3870.42
10/11/2021,4646.71,2496.04,203.7285,363.2841,919.02,3785
11/11/2021,4649.27,2496.04,205.4551,364.7829,920.21,3770.77
12/11/2021,4682.85,2492.58,205.9505,361.6265,919.38,3715.11
15/11/2021,4682.8,2483.89,205.7744,361.356,926.17,3681.61
16/11/2021,4700.9,2482.59,204.3983,362.8891,919.77,3415.86
17/11/2021,4688.67,2489.05,206.1707,353.916,924.68,3405.31
18/11/2021,4704.54,2491.44,205.2019,358.6956,925.26,3255.05
19/11/2021,4697.96,2496.98,204.1341,348.8659,919.52,3327.07
22/11/2021,4682.94,2484.35,199.1581,353.2848,915.78,3192.72
23/11/2021,4690.7,2475.24,196.6482,363.7007,922.77,3355.16
24/11/2021,4701.46,2483.4,196.7142,362.6185,934.07,3319.29
25/11/2021,4701.46,2483.4,196.7142,362.6185,934.07,3319.29
26/11/2021,4594.62,2507.37,196.8463,321.0901,907.96,3171.64
29/11/2021,4655.27,2502.93,196.5271,328.4398,917.27,3366.04
30/11/2021,4567,2512.85,195.5693,310.584,898.47,3439.03
01/12/2021,4513.04,2516.46,196.428,309.1862,884.88,3380.37
02/12/2021,4577.1,2512.98,194.0501,312.568,910.11,3373.08
03/12/2021,4538.43,2523.02,196.3839,313.4247,906.69,3163.98
06/12/2021,4591.67,2512.21,195.8996,327.7635,922.12,2948.6
07/12/2021,4686.75,2504.48,196.472,338.6303,935.18,3026.9
08/12/2021,4701.21,2494.96,196.5601,340.8398,941.41,3087.48
09/12/2021,4667.45,2498.81,195.5913,334.7074,927.88,2888.53
10/12/2021,4712.02,2498.57,196.483,337.7736,930.4,2876.8
13/12/2021,4668.97,2509,196.8683,334.9329,939.68,2711.22
14/12/2021,4634.09,2505.84,195.1069,332.002,927.01,2795.86
15/12/2021,4709.85,2500.64,194.2483,332.6784,939.45,2901.59
16/12/2021,4668.67,2504.76,197.9582,337.8187,940.12,2859.5
17/12/2021,4620.64,2510.59,198.6958,331.506,939.5,2741.52
20/12/2021,4568.02,2507.95,197.5619,322.7133,932.32,2812.96
21/12/2021,4649.23,2501.96,196.9124,333.49,941.94,2868.67
22/12/2021,4696.56,2504.66,198.3985,339.4419,950.82,2881.75
23/12/2021,4725.79,2497.53,199.4444,345.5743,948.25,2978.63
24/12/2021,4725.79,2497.53,199.4444,345.5743,948.25,2978.63
27/12/2021,4791.19,2499.35,199.1251,352.6986,965.03,2983.51
28/12/2021,4786.35,2497.87,199.3563,354.7277,968.94,2778.04
29/12/2021,4793.06,2489.61,198.7948,357.1626,975.5,2733.27
30/12/2021,4778.73,2496.16,199.7086,358.6054,978.58,2725.34
31/12/2021,4766.18,2499.95,201.3048,350.7146,980.08,2663.4
03/01/2022,4796.56,2477.09,198.1674,356.1255,972.79,2693.63
04/01/2022,4793.54,2475.23,199.7636,360.7247,972.05,2734.52
05/01/2022,4700.58,2468.03,200.9195,364.332,944.55,2601.66
06/01/2022,4696.05,2465.56,196.9674,369.6977,946.07,2508.71
07/01/2022,4677.03,2459.79,197.8701,368.6156,940.47,2408.68
10/01/2022,4670.29,2459.55,198.0242,364.7933,935.06,2336.85
11/01/2022,4713.07,2464.15,200.1915,377.5045,934.58,2418.56
12/01/2022,4726.35,2462.69,201.1593,381.521,935.93,2514.27
13/01/2022,4659.03,2469.18,200.5106,380.5376,934.99,2441.41
14/01/2022,4662.85,2455.71,199.9719,387.5956,926.2,2485.44
17/01/2022,4662.85,2455.71,199.9719,387.5956,926.2,2485.44
18/01/2022,4577.11,2441.69,199.5212,393.8745,917.96,2387.84
19/01/2022,4532.76,2447.33,202.8852,397.3118,906.11,2371.73
20/01/2022,4482.73,2451.3,202.8192,397.541,893.98,2419.07
21/01/2022,4397.94,2461.32,201.6319,395.0203,891.63,2135.29
24/01/2022,4410.13,2458.38,202.7422,387.5498,892.81,1965.59
25/01/2022,4356.45,2455.83,203.9295,395.2036,891.05,1946.39
26/01/2022,4349.93,2442.72,201.401,401.7117,877.49,1988.36
27/01/2022,4326.51,2451.96,197.3334,398.8243,862.67,1880.99
28/01/2022,4431.85,2454.45,196.41,399.5117,890.31,2004.53
31/01/2022,4515.55,2452.59,197.4874,402.6283,901.61,2065.66
01/02/2022,4546.54,2450.04,198.048,402.2616,896.34,2122.83
02/02/2022,4589.38,2453.73,199.0154,403.8657,908.52,2062.1
03/02/2022,4477.44,2446.45,198.3339,411.0612,898.37,1974.44
04/02/2022,4500.53,2430.57,198.7406,420.0442,888.81,2216.28
07/02/2022,4483.87,2431.78,200.2797,418.1193,887.34,2399.32
08/02/2022,4521.54,2425.05,200.9503,409.6405,882.26,2373.81
09/02/2022,4587.18,2425.99,201.9067,413.307,902.57,2447.68
10/02/2022,4504.08,2405.14,201.9947,412.6195,880.18,2359.4
11/02/2022,4418.64,2423,202.5114,424.4898,872.59,2223.37
14/02/2022,4401.67,2410.2,205.5126,432.6936,863.93,2189.74
15/02/2022,4471.07,2403.85,204.0615,417.5235,869.68,2331.16
16/02/2022,4475.01,2409.61,205.7435,423.894,873.56,2351.32
17/02/2022,4380.26,2417.5,209.0965,416.1944,865.86,2168.94
18/02/2022,4348.87,2424.28,208.8546,418.8526,860.78,2102.68
21/02/2022,4348.87,2424.28,208.8546,418.8526,860.78,2102.68
22/02/2022,4304.76,2424.2,209.6901,430.1271,857.38,1955.53
23/02/2022,4225.5,2413.52,210.0199,431.0437,845.17,1971.42
24/02/2022,4288.7,2416.82,211.7679,437.3226,859.32,1980.98
25/02/2022,4384.65,2416.15,207.5134,431.3645,880.27,2026.52
28/02/2022,4373.94,2436.43,208.9536,449.0096,865.65,2148.11
01/03/2022,4306.26,2452.6,213.6918,481.0915,862.07,2245.44
02/03/2022,4386.54,2421.13,211.3282,517.5733,878.78,2227.35
03/03/2022,4363.49,2429.04,212.8233,506.2529,887.26,2129.04
04/03/2022,4328.87,2444.78,216.1983,541.3139,894.4,2003.13
07/03/2022,4201.09,2436.99,219.4194,564.6879,877.1,1887.03
08/03/2022,4170.7,2424.93,224.6308,586.3488,873.28,1938.96
09/03/2022,4277.88,2415.47,218.5818,508.9562,885.37,2062.84
10/03/2022,4259.52,2405.45,219.9612,502.2028,888.32,1981.9
11/03/2022,4204.31,2405.37,218.2969,520.1507,880.37,1926.8
14/03/2022,4173.11,2383.65,215.6744,492.8104,872.86,1920.64
15/03/2022,4262.45,2382.8,212.2947,468.606,878.78,1996.14
16/03/2022,4357.86,2383.59,210.0562,458.9046,887.3,2054.04
17/03/2022,4411.67,2378.42,213.776,494.6233,899.01,2095.18
18/03/2022,4463.12,2384.81,212.2069,502.4138,900.7,2164.32
21/03/2022,4461.18,2361.3,212.3057,532.3019,895.61,2140.97
22/03/2022,4511.61,2351.6,211.4169,531.7629,896.75,2209.27
23/03/2022,4456.24,2366.46,213.1616,557.8782,887.03,2215.52
24/03/2022,4520.16,2358.59,215.9158,546.364,892.63,2331.8
25/03/2022,4543.06,2341.07,215.0489,556.5063,904.15,2312.95
28/03/2022,4575.52,2344.96,213.392,520.1507,914.04,2532.72
29/03/2022,4631.6,2352.29,210.4622,513.1931,940.16,2524.53
30/03/2022,4602.45,2359.03,212.7665,532.3019,933.33,2513.91
31/03/2022,4530.41,2360.57,214.4125,503.3447,922.08,2447.29
01/04/2022,4545.86,2353.94,211.0877,503.7857,940.64,2540.84
04/04/2022,4582.64,2352.61,212.2179,519.3667,934.75,2526.28
05/04/2022,4525.12,2332.25,211.5046,515.447,931.49,2518.2
06/04/2022,4481.15,2328.12,211.0218,491.1935,944.17,2350.43
07/04/2022,4500.21,2324.92,212.6349,490.2136,935.9,2340.23
08/04/2022,4488.28,2315.08,213.4907,500.6009,937.79,2314.62
11/04/2022,4412.53,2307.23,213.776,481.4921,926.99,2132.56
12/04/2022,4397.45,2314.18,216.8375,510.6453,925.26,2110.44
13/04/2022,4446.59,2316.85,217.7812,529.5581,931.77,2198.74
14/04/2022,4392.59,2301.9,216.7058,542.8852,927.77,2127.08
15/04/2022,4392.59,2301.9,216.7058,542.8852,927.77,2127.08
18/04/2022,4391.69,2297.03,217.9677,548.4708,924.48,2149.21
19/04/2022,4462.21,2285.99,214.9611,522.4535,944.94,2214.93
20/04/2022,4459.45,2299,214.588,520.9836,960.91,2193.18
21/04/2022,4393.66,2289.86,213.776,528.9701,955.15,2178.84
22/04/2022,4271.78,2288.18,212.2508,520.1017,938.79,2109.98
25/04/2022,4296.12,2297.89,208.0481,500.5519,935.96,2123.17
26/04/2022,4175.2,2309.04,208.937,512.5562,921.88,2011.38
27/04/2022,4183.96,2300.2,207.2471,514.222,915.08,2026.93
28/04/2022,4287.5,2298.02,207.5324,525.5403,931.65,2077.03
29/04/2022,4131.93,2287.44,209.7709,524.9524,887.28,1968.67
02/05/2022,4155.38,2275.74,204.4929,527.1082,865.35,1958.31
03/05/2022,4175.48,2278.14,205.261,514.32,876.33,1916.41
04/05/2022,4300.17,2287.87,205.0635,539.6514,885.66,2057.63
05/05/2022,4146.87,2270.03,205.8206,543.3752,863.1,1878.82
06/05/2022,4123.34,2260.23,206.5997,550.6757,853.64,1861.08
09/05/2022,3991.24,2272.35,203.9441,519.324,815.37,1547.11
10/05/2022,4001.05,2276.89,202.0203,502.5883,800.72,1598.44
11/05/2022,3935.18,2287.02,203.404,526.6796,799,1395.03
12/05/2022,3930.08,2290.54,200.1947,525.6971,805.02,1323.5
13/05/2022,4023.89,2281.06,198.3584,543.2489,825.4,1419.42
16/05/2022,4008.01,2285.08,198.9705,553.1848,820.65,1403.08
17/05/2022,4088.85,2272.03,199.517,542.341,830.8,1428.88
18/05/2022,3923.68,2284.81,199.1891,527.2102,806.58,1375.09
19/05/2022,3900.79,2289.66,201.9653,541.2314,802.3,1389.23
20/05/2022,3901.36,2297.71,202.0309,541.2819,808.55,1361.41
23/05/2022,3973.75,2286.85,202.6321,545.2159,817.35,1372.08
24/05/2022,3941.48,2303.36,204.5448,545.2664,826.27,1363.91
25/05/2022,3978.73,2307.1,202.479,548.1412,832.75,1363.78
26/05/2022,4057.84,2305.35,202.6321,562.6164,833.15,1302.29
27/05/2022,4158.24,2304.63,203.0037,568.4166,854.92,1258.19
30/05/2022,4158.24,2304.63,203.0037,568.4166,854.92,1258.19
31/05/2022,4132.15,2291.62,202.0309,567.8114,844.66,1406.07
01/06/2022,4101.23,2283.7,202.0637,572.7541,838.44,1325.67
02/06/2022,4176.82,2284.92,204.5448,580.1682,849.02,1330.13
03/06/2022,4108.54,2282.22,202.2277,590.2555,838.48,1285.79
06/06/2022,4121.43,2268.85,201.5172,589.9529,835.7,1370.74
07/06/2022,4160.68,2275.38,202.4353,595.8539,847.2,1359.74
08/06/2022,4115.77,2269.21,202.9162,609.7239,827.46,1329.12
09/06/2022,4017.82,2268.47,202.5118,606.7481,808.71,1327.72
10/06/2022,3900.86,2253.24,204.993,600.2923,791.09,1253.73
13/06/2022,3749.63,2223.93,200.2165,600.5445,752.17,968.84
14/06/2022,3735.48,2212.17,198.2163,594.0382,744.86,951.3
15/06/2022,3789.99,2232.66,198.8831,582.3874,762.46,956.78
16/06/2022,3666.77,2241.23,202.1949,590.1042,743.31,904.57
17/06/2022,3674.84,2241.58,201.1784,556.7658,748.23,897.67
20/06/2022,3674.84,2241.58,201.1784,556.7658,748.23,897.67
21/06/2022,3764.79,2232.19,200.9816,563.726,758.85,940
22/06/2022,3759.89,2253.72,200.9379,547.9899,767.93,902.19
23/06/2022,3795.73,2262.08,199.9979,536.9444,782.24,946.26
24/06/2022,3911.74,2254.29,200.0526,550.2595,798.63,998.49
27/06/2022,3900.11,2246.66,199.4514,559.7416,797.39,968.23
28/06/2022,3821.55,2248.64,199.0579,573.9646,788.29,935.35
29/06/2022,3818.83,2261.04,198.6535,567.1557,781.91,915.67
30/06/2022,3785.38,2271.46,197.5387,549.9065,779.82,851.65
01/07/2022,3825.33,2283.53,196.9047,563.0199,793.8,877.19
04/07/2022,3825.33,2283.53,196.9047,563.0199,793.8,877.19
05/07/2022,3831.39,2293.25,192.795,518.3334,790.52,929.5
06/07/2022,3845.08,2277.54,189.8002,507.8426,789.99,931.4
07/07/2022,3902.62,2268.78,190.15,527.8154,791.46,1000.28
08/07/2022,3899.38,2258.97,190.4341,539.7688,786.97,995.93
11/07/2022,3854.43,2271.55,189.2803,540.3917,785.92,929.82
12/07/2022,3818.8,2275.79,188.5338,501.937,782.42,870.23
13/07/2022,3801.78,2280.34,189.6955,503.2342,779.1,886.65
14/07/2022,3790.38,2272.69,186.4868,497.8679,771.78,958.7
15/07/2022,3863.16,2277.92,186.141,507.0936,784.89,995.06
18/07/2022,3830.85,2271.92,186.7894,530.748,778.59,1080.9
19/07/2022,3936.69,2265.07,186.7786,535.5218,799,1164.38
20/07/2022,3959.9,2265.51,185.6546,533.7517,796.21,1154.48
21/07/2022,3998.95,2283.28,187.1245,520.1276,802.51,1153.32
22/07/2022,3961.63,2300.99,188.6377,514.5493,807.17,1117.35
25/07/2022,3966.84,2293.87,187.7514,524.5796,808.86,1082.55
26/07/2022,3921.05,2293.94,187.6001,521.0395,810.12,1011.11
27/07/2022,4023.61,2295.63,187.7946,533.3762,814.89,1140.5
28/07/2022,4072.43,2308.23,191.2209,533.6444,841.74,1219.42
29/07/2022,4130.29,2307.67,192.5827,544.1038,845.91,1224.7
01/08/2022,4118.63,2320.2,193.2204,525.3842,839.09,1171.46
02/08/2022,4091.19,2297.54,193.4366,529.0852,828.56,1173.84
03/08/2022,4155.17,2306.25,191.9991,510.6337,830.2,1192.48
04/08/2022,4151.94,2311.65,195.2956,496.1515,829.94,1145.78
05/08/2022,4145.19,2286.85,193.5987,499.7988,831.71,1189.59
08/08/2022,4140.06,2297.35,195.1119,510.2046,838.62,1260.98
09/08/2022,4122.47,2292.5,195.8793,508.7564,844.34,1202.82
10/08/2022,4210.24,2291.9,196.0306,516.1584,856.7,1261.64
11/08/2022,4207.27,2278.51,195.328,527.2615,854.16,1297.14
12/08/2022,4280.15,2284.85,196.2251,519.7522,868.44,1309.57
15/08/2022,4297.14,2288.46,194.3445,505.699,871.96,1292.13
16/08/2022,4305.2,2288.01,193.4366,492.075,869.25,1285.44
17/08/2022,4274.04,2277.35,192.0315,498.9406,865.28,1248.21
18/08/2022,4283.74,2280.51,191.437,513.6375,859.14,1254.78
19/08/2022,4228.48,2268.97,190.5399,515.4075,850.54,1138.95
22/08/2022,4137.99,2262.91,188.9727,513.9056,832.89,1083.34
23/08/2022,4128.73,2260.03,190.3562,531.928,821.5,1126.49
24/08/2022,4140.77,2253.52,190.3886,538.2037,826.44,1141.39
25/08/2022,4199.12,2263.15,191.4586,528.1197,838.44,1143.09
26/08/2022,4057.66,2264.22,189.124,531.0698,817.81,1069.12
29/08/2022,4030.61,2256.7,189.1132,552.0959,810.9,1047.17
30/08/2022,3986.16,2257.26,187.6649,524.7942,798.85,1048.05
31/08/2022,3955,2250.42,186.5733,512.9938,795.18,1065.93
01/09/2022,3966.85,2237.36,184.7467,495.4005,797.09,1053.33
02/09/2022,3924.26,2246.25,186.1842,498.9406,785.79,1056.53
05/09/2022,3924.26,2246.25,186.1842,498.9406,785.79,1056.53
06/09/2022,3908.19,2228.09,185.1358,497.9215,793.72,1036.93
07/09/2022,3979.87,2239.73,186.7462,472.0144,809.05,1045.45
08/09/2022,4006.18,2232.37,185.9248,478.1827,810.2,1077.61
09/09/2022,4067.36,2231.34,186.8327,497.5333,818.13,1149.32
12/09/2022,4110.41,2227.52,188.1297,504.0319,826.05,1182.99
13/09/2022,3932.69,2219.96,185.6222,499.6125,795.1,1086.12
14/09/2022,3946.01,2219.41,184.7251,504.1744,784.55,1077.63
15/09/2022,3901.35,2214.96,181.288,484.5441,769.04,1047.74
16/09/2022,3873.33,2214.03,181.9581,486.6886,770.11,1021.56
19/09/2022,3899.89,2211.32,181.3853,489.8778,768.65,994.43
20/09/2022,3855.93,2203.59,180.6179,483.0594,749.81,974.65
21/09/2022,3789.93,2210.14,181.1151,480.0902,737.87,970.84
22/09/2022,3757.99,2188.8,181.6987,484.4341,729.45,984.52
23/09/2022,3693.23,2188.31,178.9426,459.745,719.86,960.83
26/09/2022,3655.04,2168.32,176.5432,447.263,699.03,984.02
27/09/2022,3647.29,2155.25,176.8458,456.9957,689.79,975.2
28/09/2022,3719.04,2186.26,180.499,474.4265,703.92,989.33
29/09/2022,3640.47,2179.51,180.3477,470.0276,681.98,985.47
30/09/2022,3585.62,2172.7,180.7152,459.2501,689.8,989.17
03/10/2022,3678.43,2188.3,183.9577,478.0556,701.68,979.85
04/10/2022,3790.93,2189.8,187.038,493.8919,714.48,1011.03
05/10/2022,3783.28,2179.07,185.9896,503.7345,700.39,1008.32
06/10/2022,3744.52,2171.74,185.9896,509.5631,680.11,1007.15
07/10/2022,3639.66,2163.28,184.7467,527.2689,663.73,983.54
10/10/2022,3612.39,2163.28,181.061,518.8559,657.01,971.29
11/10/2022,3588.84,2158.03,182.2283,508.5733,664.68,947.81
12/10/2022,3577.03,2163.37,181.3096,499.3905,657.03,953.05
13/10/2022,3669.91,2152.6,181.2556,510.9378,669.3,949.08
14/10/2022,3583.07,2146.57,178.2184,495.7064,652.93,947.47
17/10/2022,3677.95,2147.29,179.8505,495.8714,677.21,967.45
18/10/2022,3719.98,2151.04,178.9642,487.1835,684.89,952.04
19/10/2022,3695.16,2135.64,176.6296,497.9609,667.72,951.55
20/10/2022,3665.78,2124.14,176.9106,497.356,665.16,933.51
21/10/2022,3752.75,2123.71,179.0183,502.2499,669.99,941.27
24/10/2022,3797.34,2120.91,178.7805,501.535,669.86,962.14
25/10/2022,3859.11,2138.2,179.202,504.4493,696.17,1040.78
26/10/2022,3830.6,2146.85,180.4125,515.7216,695.38,1066.03
27/10/2022,3807.3,2157.39,180.0234,522.595,696.87,1066.06
28/10/2022,3901.06,2149.28,177.7753,515.6117,713.05,1067.05
31/10/2022,3871.98,2142.42,177.3322,510.3329,711.89,1068.99
01/11/2022,3856.1,2144.43,178.3049,520.4505,711.06,1070.6
02/11/2022,3759.69,2141.29,178.3373,528.7535,692.37,1049.95
03/11/2022,3719.89,2134.03,176.273,520.5605,691.42,1061.44
04/11/2022,3770.55,2129.76,181.2124,542.0053,700.78,1129.45
07/11/2022,3806.8,2123.43,181.6339,538.4312,700.32,1116.47
08/11/2022,3828.11,2132.46,185.4645,524.6207,703.11,942.45
09/11/2022,3748.57,2137.28,185.221,509.4951,695.58,819.48
10/11/2022,3956.37,2171.46,189.523,514.4666,746.14,925.46
11/11/2022,3992.93,2171.46,191.2089,527.3139,744.42,866.35
14/11/2022,3957.25,2166.26,191.9915,513.8163,726.28,832.83
15/11/2022,3991.73,2177.85,192.0773,520.2248,734.32,863.19
16/11/2022,3958.79,2190.12,192.013,513.6462,727.15,839.98
17/11/2022,3946.56,2180.13,190.5978,499.0143,722.66,838.51
18/11/2022,3965.34,2174.2,189.6544,490.9044,732.37,837.96
21/11/2022,3949.94,2175.03,188.1105,491.5282,736.52,778.49
22/11/2022,4003.58,2183.31,188.132,494.5907,740.87,800.57
23/11/2022,4027.26,2193.1,188.7324,481.6602,740.35,832.16
24/11/2022,4027.26,2193.1,188.7324,481.6602,740.35,832.16
25/11/2022,4026.12,2192.88,189.6329,473.7772,745.47,836.06
28/11/2022,3963.94,2194.77,188.1856,475.195,725.04,819.27
29/11/2022,3957.63,2188.06,189.0862,477.7471,737.59,839.39
30/11/2022,4080.11,2199.79,188.6788,493.343,753.44,877.09
01/12/2022,4076.57,2220.66,194.6075,492.3222,750.91,868.1
02/12/2022,4071.7,2226.28,194.0071,485.1764,749.01,880.31
05/12/2022,3998.84,2211.54,190.973,468.7865,735.09,867.01
06/12/2022,3941.26,2220.7,191.091,451.8294,729.07,865.95
07/12/2022,3933.92,2237.52,192.7635,440.0332,730.63,851.54
08/12/2022,3963.51,2230.64,193.1387,434.3619,735.6,874.57
09/12/2022,3934.38,2217.09,194.125,434.4186,734.37,866.06
12/12/2022,3990.56,2216.4,192.1524,444.2866,739.97,858.96
13/12/2022,4019.65,2229.61,195.7117,458.5782,752.53,892.46
14/12/2022,3995.32,2234.21,194.9827,469.2969,746.19,888.04
15/12/2022,3895.75,2236.25,191.6699,461.187,736.57,864.77
16/12/2022,3852.36,2232.11,192.9993,450.8086,716.78,829.12
19/12/2022,3817.66,2219.86,192.7313,454.4949,708.25,798.19
20/12/2022,3821.62,2208.74,195.701,456.7067,706.28,816.42
21/12/2022,3878.44,2211.06,195.701,468.3328,711.83,809.71
22/12/2022,3822.39,2209.59,192.474,463.1719,709.47,813.14
23/12/2022,3844.82,2200.7,193.4282,479.2216,715.64,814.59
26/12/2022,3844.82,2200.7,193.4282,479.2216,715.64,814.59
27/12/2022,3829.25,2187.85,195.4544,480.2424,715.16,808.85
28/12/2022,3783.22,2184.57,194.6718,476.3292,703.03,797.26
29/12/2022,3849.28,2190.79,195.7653,473.3235,717.06,790.73
30/12/2022,3839.5,2188.39,195.7868,487.2181,710.93,794.08
02/01/2023,3839.5,2188.39,195.7868,487.2181,710.93,794.08
03/01/2023,3824.14,2195.75,197.9203,465.6106,711.12,815.43
04/01/2023,3852.97,2206.51,199.3033,441.451,726.98,833.07
05/01/2023,3808.1,2204.71,197.3306,446.2716,706.94,836.77
06/01/2023,3895.08,2224.97,200.4504,445.591,726.22,840.89
09/01/2023,3892.09,2230.5,201.3188,451.716,725.39,882.59
10/01/2023,3919.25,2220.21,201.1817,454.1571,726.8,898.99
11/01/2023,3969.61,2230.83,201.4423,468.4547,753.02,901.08
12/01/2023,3983.17,2246.33,203.5711,475.8073,762.07,961.43
13/01/2023,3999.09,2238.14,206.0177,483.4425,757.22,972.14
16/01/2023,3999.09,2238.14,206.0177,483.4425,757.22,972.14
17/01/2023,3990.97,2235.72,204.7636,486.5015,759.5,1073.29
18/01/2023,3928.86,2256.53,204.4554,482.5927,748.41,1025.62
19/01/2023,3898.85,2251.77,206.2408,488.201,744.63,1046.16
20/01/2023,3972.61,2240.19,206.6978,495.7353,753.35,1105.26
23/01/2023,4019.81,2234.93,206.751,498.3411,756.24,1125.24
24/01/2023,4016.95,2244.44,207.4736,487.9744,758.82,1120.63
25/01/2023,4016.22,2246.82,208.2388,487.4079,759.32,1106.02
26/01/2023,4060.43,2241.19,206.8891,493.1861,767.32,1128.87
27/01/2023,4070.56,2239.4,206.7722,487.4079,775.72,1134.34
30/01/2023,4017.77,2235,206.092,476.6446,765.84,1101.96
31/01/2023,4076.6,2243.23,206.7403,482.4794,781.72,1128.55
01/02/2023,4119.21,2255.53,206.4746,467.8073,786.66,1156.4
02/02/2023,4179.76,2255.76,205.1993,464.6916,803.46,1186.87
03/02/2023,4136.48,2238.22,199.4391,451.5491,788.14,1170.77
06/02/2023,4111.08,2225.47,199.7473,457.214,783.21,1151.6
07/02/2023,4164,2221.59,200.3106,472.2826,780.69,1166.54
08/02/2023,4117.86,2226.12,200.9376,479.8169,778.01,1151.93
09/02/2023,4081.5,2218.12,199.641,476.1914,768.64,1105.88
10/02/2023,4090.46,2210.27,199.2159,487.1246,771.6,1084
13/02/2023,4137.29,2215.25,198.0469,488.4842,778,1058.03
14/02/2023,4136.13,2208.35,198.2488,483.2159,770.66,1104.5
15/02/2023,4147.6,2203.22,196.1127,481.7996,773.31,1182.08
16/02/2023,4090.41,2195.48,196.8035,480.3834,766.23,1201.26
17/02/2023,4079.09,2201.55,196.6334,468.3172,763.35,1220.85
20/02/2023,4079.09,2201.55,196.6334,468.3172,763.35,1220.85
21/02/2023,3997.34,2185.43,195.8151,468.8837,748.72,1199.55
22/02/2023,3991.05,2190.16,195.7088,455.7411,741.54,1162.59
23/02/2023,4012.32,2196.15,194.1465,464.2385,747.1,1178.19
24/02/2023,3970.04,2184.62,193.1156,469.1669,734.92,1138.29
27/02/2023,3982.24,2188.89,193.9446,464.7483,735.67,1133.45
28/02/2023,3970.15,2190.74,195.1987,472.7358,734.25,1132.43
01/03/2023,3951.39,2179.59,196.1233,477.6076,724.69,1141.55
02/03/2023,3981.35,2173.3,195.6025,480.1002,733.57,1138.54
03/03/2023,4045.64,2187.17,197.101,486.2183,744.83,1083.32
06/03/2023,4048.42,2183.67,197.101,488.201,741.66,1078.98
07/03/2023,3986.37,2182.54,193.4238,471.8294,724.33,1066.17
08/03/2023,3992.01,2181.88,193.2796,468.2759,732.82,1061.19
09/03/2023,3918.32,2191.42,194.9695,462.0985,715.75,977.18
10/03/2023,3861.59,2222.72,198.4086,468.4033,691.89,972.11
13/03/2023,3855.76,2245.41,203.5845,457.4653,702.14,1145.07
14/03/2023,3919.29,2228,202.9947,439.4232,707.84,1171.8
15/03/2023,3891.93,2253.11,205.1748,418.4029,706.87,1121.69
16/03/2023,3960.28,2238.04,204.2901,424.245,704.33,1149.69
17/03/2023,3916.64,2258.35,209.6088,416.2836,688.38,1208.6
20/03/2023,3951.57,2250.35,210.6093,420.8657,696.66,1224.68
21/03/2023,4002.87,2236.26,206.2491,429.0562,692.68,1252.26
22/03/2023,3936.97,2256.4,207.1232,436.7313,667.11,1198.47
23/03/2023,3948.72,2264.61,212.0417,431.8628,662.78,1264.71
24/03/2023,3970.99,2266.53,210.82,426.8225,680.53,1230.33
27/03/2023,3977.53,2245.27,207.6393,444.9218,679.27,1185.57
28/03/2023,3971.27,2243.06,209.6299,446.6401,678.29,1224.38
29/03/2023,4027.81,2240.32,209.0085,443.5471,693.63,1259.31
30/03/2023,4050.83,2242.94,210.3987,449.3893,700.79,1237.52
31/03/2023,4109.31,2254.15,209.1875,456.6634,716.07,1267.92
03/04/2023,4124.51,2261.78,210.6831,484.2705,710.03,1258.52
04/04/2023,4100.6,2272.17,214.6642,484.2705,709.53,1274.55
05/04/2023,4090.38,2279.07,214.3903,484.6715,705.97,1286.79
06/04/2023,4105.02,2280.16,213.4214,484.9579,710.72,1268.64
07/04/2023,4105.02,2266.68,213.4214,484.9579,710.72,1268.64
10/04/2023,4109.11,2263.92,211.0412,479.9175,713.86,1290.64
11/04/2023,4108.94,2263.57,212.642,487.8217,716.84,1320.13
12/04/2023,4091.95,2267.21,213.2634,496.8713,712.79,1312.67
13/04/2023,4146.22,2262.41,216.4652,490.7428,709.97,1363.75
14/04/2023,4137.64,2252.19,212.305,491.831,698.56,1388.51
17/04/2023,4151.32,2242.01,211.3782,483.6978,713.56,1380.65
18/04/2023,4154.87,2244.14,212.7158,483.6978,711.88,1396.26
19/04/2023,4154.52,2241.42,211.4098,474.1899,716.29,1331.34
20/04/2023,4129.79,2250.57,212.6526,462.8492,708.35,1281.36
21/04/2023,4133.52,2246.54,209.6404,466.5722,709.59,1233.02
24/04/2023,4137.04,2255.16,210.6199,472.758,706.87,1230.94
25/04/2023,4071.63,2273.42,211.1149,461.6464,700.12,1234.75
26/04/2023,4055.99,2265.47,210.2197,445.1509,693.73,1240.89
27/04/2023,4135.35,2253.09,210.5356,448.0147,708.27,1305.41
28/04/2023,4169.48,2266.23,210.5462,460.1,716.94,1290.85
01/05/2023,4167.87,2245.16,209.8194,454.2578,711.04,1229.15
02/05/2023,4119.58,2267.24,213.0949,431.4046,699.1,1264.34
03/05/2023,4090.75,2278.07,214.5378,414.279,696.81,1252.98
04/05/2023,4061.22,2276.46,216.5073,415.2527,702.63,1264.09